,x,y,z
0,459.79846,173.4322,497.56732
1,93.85268,-115.22258,543.0235
2,438.78888,128.46002,489.5456
3,134.64383,-193.48003,529.2213
4,61.56981,-293.67844,503.59088
5,227.34503,-85.81157,535.2761
6,449.26086,148.85469,493.77673
7,270.98813,-64.86927,520.66064
8,122.215546,-136.817,539.07825
9,148.01326,-165.21292,527.083
10,301.0926,-108.08377,507.2746
11,303.9295,-180.90387,514.60144
12,268.8737,-129.59624,512.8977
13,212.27008,-127.729454,520.48486
14,111.95198,-144.43648,544.8343
15,432.67502,123.07621,483.5409
16,451.26706,150.55945,495.47845
17,106.825455,-542.58966,510.38193
18,168.28159,-212.55379,525.7955
19,108.87782,-485.62814,512.7592
20,388.17526,8.043306,491.83325
21,444.07266,138.19254,491.4707
22,292.67896,-114.77701,510.7183
23,77.26279,-183.21954,530.997
24,95.943756,-260.88016,539.84705
25,375.9595,-18.933212,498.70636
26,144.21094,-358.0227,525.6844
27,202.20427,-245.3268,518.7327
28,430.79764,119.70211,482.42194
29,379.29742,-9.338738,502.311
30,81.20639,-254.93297,529.3065
31,172.47072,-217.92308,522.19165
32,104.44835,-224.74954,546.5772
33,75.45744,-338.27637,502.30508
34,64.53816,-274.8407,517.94794
35,115.054,-111.37929,562.78436
36,92.0887,-181.12445,660.3665
37,222.75664,-217.91862,504.8767
38,95.486435,-347.4095,514.201
39,377.06854,-11.7893715,494.6417
40,107.745926,-314.60275,514.63184
41,95.04945,-288.51166,534.0891
42,102.17766,-404.70993,520.7671
43,81.78517,-422.96832,498.34308
44,275.0875,-167.85852,502.87762
45,77.25719,-322.71414,508.0778
46,324.9445,-110.8519,523.3967
47,274.9883,-82.24097,513.53906
48,274.41556,-62.479053,545.0468
49,145.74814,-193.64542,527.20624
50,122.31349,-122.88013,556.4354
51,440.49347,130.27235,489.9747
52,364.29794,-9.357532,507.974
53,64.1501,-315.39627,490.94412
54,419.6261,96.21387,479.4773
55,112.55505,-216.18556,531.6611
56,407.64523,77.68593,474.38263
57,417.60538,58.09552,497.6197
58,125.35588,-263.57867,536.8162
59,453.35596,149.19688,498.83237
60,439.14978,123.61653,491.33612
61,440.14563,136.2715,487.23547
62,437.15082,114.65004,493.43704
63,69.80292,-484.17178,481.55603
64,114.14421,-277.1704,517.37463
65,244.06885,-230.61629,492.56552
66,72.895615,-297.8901,518.269
67,459.70517,184.11334,493.1148
68,173.47319,-355.68466,505.0874
69,50.318684,-249.97556,510.52686
70,66.25638,-364.94775,508.14062
71,119.402115,-415.0158,503.08746
72,186.19727,-232.35149,518.85333
73,67.303314,-189.55943,514.4494
74,207.17604,-151.03836,520.4088
75,90.6544,-180.60023,540.9705
76,157.96104,-199.0376,525.4167
77,98.91756,-428.69965,508.0029
78,456.85333,165.01129,496.50012
79,230.5818,-193.80008,515.44916
80,59.868896,-293.1342,507.27136
81,149.91362,-355.98572,509.84964
82,89.414825,-157.82518,531.0428
83,348.2203,-21.941614,518.6568
84,107.373184,-363.30453,518.1284
85,420.3919,99.82811,478.53357
86,185.38675,-273.94492,525.2797
87,116.47972,-241.16742,507.8307
88,128.28575,-234.50403,526.18823
89,72.69545,-416.81873,506.52216
90,438.8023,123.52743,490.86313
91,95.515274,-499.0015,509.85507
92,168.9853,-134.64346,529.8557
93,116.82001,-169.81258,549.9406
94,211.50218,-68.5565,560.3683
95,170.30936,-221.01437,530.6736
96,142.24345,-93.959,553.8689
97,69.7666,-205.3482,523.8587
98,81.364685,-251.97922,533.00946
99,456.93378,160.85286,498.3009
100,235.1549,-162.72394,511.72913
101,405.98596,54.160202,486.53598
102,252.79933,-383.5257,589.59717
103,207.08104,-186.93246,502.87442
104,113.39909,-468.60785,505.52597
105,413.11453,86.26401,477.8046
106,116.58496,-224.55634,542.03186
107,98.54828,-395.44266,517.2013
108,101.09523,-376.93393,507.7444
109,445.33792,140.48958,491.81055
110,107.08522,-145.02869,540.6008
111,106.47122,-222.41718,541.83453
112,105.2209,-268.2881,517.689
113,208.52551,-274.46573,504.629
114,333.89777,-57.252796,511.1992
115,391.82983,23.118177,486.10614
116,79.0432,-370.89087,512.80176
117,274.05173,-95.33553,514.4395
118,147.93204,-295.34723,524.333
119,66.27368,-304.56232,502.67374
120,461.11823,180.27438,496.31134
121,81.05986,-222.98392,531.68054
122,70.02376,-268.43326,519.3209
123,97.629196,-268.12772,533.91376
124,100.40816,-285.04938,541.1813
125,127.07207,-98.712296,564.04486
126,190.74995,-107.58588,580.30804
127,324.0565,-92.3289,512.0121
128,93.80673,-350.89642,512.19116
129,132.63452,-218.39944,535.4709
130,75.908676,-164.00946,532.35675
131,417.13666,74.59671,483.85635
132,203.40372,-132.89171,532.82874
133,110.234924,-89.453094,578.0976
134,82.099594,-174.15683,536.6811
135,81.88452,-194.78235,533.1966
136,141.99426,-239.55789,532.85925
137,110.7587,-316.92078,521.562
138,62.549225,-310.48505,506.33417
139,386.69257,24.866083,479.3914
140,426.44403,99.042305,486.0763
141,144.0814,-227.97302,527.42847
142,60.40975,-453.55664,492.9902
143,89.11604,-406.3798,505.85468
144,456.34302,167.59216,494.77243
145,407.76346,68.411934,477.5507
146,107.32089,-311.09567,517.61926
147,83.19638,-383.77933,513.03894
148,394.64713,22.127342,487.61237
149,131.62271,-250.70992,517.18506
150,106.266525,-247.51851,533.4515
151,66.24422,-288.41382,517.538
152,79.344986,-404.16666,503.93002
153,317.8258,-25.302126,532.1339
154,105.71329,-299.00397,526.89124
155,114.43324,-361.84042,515.21716
156,62.56946,-211.11034,533.7599
157,126.23955,-282.9391,523.9424
158,386.95343,7.483292,488.45462
159,85.1046,-506.98376,496.0722
160,221.48009,-119.82138,516.7007
161,381.15106,-1.2974424,494.52744
162,105.671875,-298.50397,519.28845
163,117.965225,-430.76453,505.5017
164,68.11586,-211.87096,529.05066
165,64.445755,-241.6811,512.5031
166,143.09799,-171.07533,542.2091
167,134.94443,-153.18034,542.24994
168,128.0018,-311.767,519.3336
169,263.72363,-165.51744,504.1995
170,117.369965,-378.61032,519.37695
171,437.21866,128.60956,486.84055
172,208.94118,-185.35579,509.13867
173,100.307144,-264.3789,536.3696
174,51.281616,-431.84314,496.79175
175,89.209305,-233.71957,537.81024
176,104.44273,-201.29791,538.04114
177,452.37503,163.49065,491.32
178,111.704666,-289.51782,535.5384
179,114.21268,-475.736,512.9774
180,108.00929,-147.5579,542.5634
181,116.10782,-330.91724,517.1104
182,208.98773,-324.4189,549.5819
183,70.083435,-269.98065,522.3561
184,457.12546,167.887,495.97226
185,114.23572,-142.66423,540.51794
186,341.82336,-56.248962,514.3346
187,172.36569,-198.35979,519.9803
188,125.3094,-219.87071,534.02527
189,107.53671,-586.9772,511.94623
190,220.41791,-203.9033,525.9282
191,113.84212,-264.15826,526.4633
192,202.79712,-116.2801,531.365
193,123.88472,-172.5567,541.9069
194,80.944214,-242.9371,526.4922
195,143.46384,-395.83688,523.2802
196,374.0566,10.053155,516.3675
197,70.79913,-250.33315,524.63245
198,70.21893,-254.76996,519.5102
199,67.731705,-319.48035,511.91068
200,101.22058,-273.587,536.31134
201,73.35579,-249.35669,526.4331
202,54.626614,-246.0054,514.1461
203,66.42024,-270.51663,517.7455
204,340.9686,-29.119867,518.61163
205,63.531883,-259.71906,513.04736
206,254.08685,-105.23653,521.2778
207,301.04797,-87.22302,514.94653
208,379.1315,-18.68235,501.41925
209,329.4127,-5.123785,535.87683
210,310.07733,-154.90825,523.4524
211,87.74977,-305.9413,519.1191
212,111.55031,-334.17038,511.44534
213,376.82825,-19.165598,506.76816
214,441.8077,153.77522,480.2393
215,137.64447,-130.68779,551.6122
216,449.6524,145.55734,495.53598
217,338.6859,-61.41616,512.26935
218,83.62341,-338.4757,513.3967
219,76.30115,-226.21689,526.6444
220,112.12381,-285.69864,523.84424
221,91.95065,-182.8023,540.6075
222,73.59679,-229.8084,535.18567
223,104.99182,-218.27719,535.1305
224,425.0995,117.21371,476.32986
225,85.97449,-382.9208,506.13043
226,70.06419,-306.6795,518.0277
227,112.89902,-352.19904,515.0608
228,66.87105,-384.38306,500.574
229,88.31973,-175.31383,531.1022
230,140.27997,-151.60274,521.6486
231,147.98775,-228.63745,523.4947
232,433.18423,121.730316,485.6593
233,292.96115,-171.03644,511.78937
234,124.49863,-333.67896,525.14874
235,61.15782,-223.27336,516.9411
236,122.79367,-215.1742,542.53125
237,84.44884,-162.07082,552.49023
238,133.16376,-180.92415,524.1284
239,132.7943,-301.5882,516.31104
240,108.982285,-135.73909,540.8062
241,155.40929,-194.22789,541.05817
242,104.6306,-549.5556,511.16962
243,70.18776,-204.16843,526.51135
244,58.355587,-230.7027,516.2281
245,122.124985,-167.02039,547.1885
246,61.91323,-287.32077,524.6749
247,357.848,-49.74614,513.43054
248,177.15558,-135.6379,533.18744
249,76.72458,-181.7522,534.09314
250,64.819046,-253.74028,516.9207
251,308.73947,-113.39436,508.06146
252,204.27998,-194.78636,515.98535
253,132.8938,-319.6,516.1736
254,90.36977,-359.1036,511.94852
255,428.9144,113.01513,485.17596
256,109.6143,-390.98465,512.47797
257,104.9597,-251.28642,533.1096
258,189.48528,-160.3752,566.27844
259,60.775543,-237.06596,518.8449
260,101.24437,-407.26187,512.1746
261,91.84442,-345.7848,523.3539
262,105.12483,-376.8277,512.4038
263,71.87082,-268.53052,530.27496
264,140.51736,-309.75244,527.1596
265,99.533615,-241.68456,538.5825
266,135.31573,-81.49645,673.9807
267,91.84152,-183.43108,540.4778
268,385.60538,-5.9039893,494.21017
269,441.5062,132.65309,490.99298
270,93.81145,-298.95633,518.944
271,147.4464,-267.57178,516.80927
272,82.77666,-151.1129,538.1362
273,82.20999,-282.98685,527.72186
274,121.828064,-554.33154,508.7872
275,83.39487,-224.272,530.908
276,82.10423,-254.32213,533.1965
277,102.47804,-519.4936,505.4732
278,321.51788,-108.03146,509.62247
279,110.64876,-205.28223,544.10596
280,249.78462,-131.84708,525.79236
281,114.52646,-448.95615,529.7944
282,53.404114,-333.47827,491.24765
283,127.96887,-355.98273,506.05582
284,86.60922,-132.62521,538.668
285,172.33174,-284.85983,512.4794
286,126.22577,-354.51993,506.15704
287,92.330124,-333.50986,512.86847
288,124.29483,-291.53134,540.2871
289,309.99945,-78.41453,511.1245
290,88.79326,-178.05147,539.41284
291,441.98767,124.91011,494.79117
292,104.26543,-498.0725,489.3742
293,393.52383,23.172237,494.82455
294,431.87604,121.72318,483.01114
295,346.74985,-67.603615,506.38486
296,107.529144,-269.2981,534.59766
297,246.90723,-86.339195,521.16766
298,204.47888,-166.5423,520.4857
299,413.8593,76.00125,481.74158
300,420.85037,100.25059,478.8848
301,307.6013,-77.59731,521.50476
302,134.84064,-476.70462,500.817
303,398.69742,51.647026,481.4617
304,57.931084,-210.11325,522.51465
305,404.71997,53.615643,489.60632
306,392.34225,20.941856,497.5246
307,102.49658,-444.35156,496.51135
308,108.73888,-127.30343,556.0823
309,184.01463,-202.5189,564.8125
310,178.09637,-100.87222,544.6062
311,390.36038,-0.6107595,501.94482
312,85.28676,-313.13782,522.8888
313,85.07858,-219.69914,526.61475
314,105.00221,-321.79773,529.3734
315,85.6216,-293.32327,524.2776
316,91.93504,-308.87878,521.0621
317,112.84111,-540.4061,497.24625
318,111.761826,-413.5014,500.91934
319,72.081696,-216.58916,521.7115
320,121.245255,-514.07434,512.5451
321,55.491463,-308.9906,503.66544
322,92.16481,-403.45285,506.778
323,112.45378,-408.6682,503.88092
324,178.24704,-37.191444,705.7686
325,60.79898,-228.7539,541.8265
326,224.60135,-131.34117,546.67737
327,351.61594,-58.10554,510.11136
328,120.408646,-104.649025,555.3185
329,40.500175,-307.22437,502.3405
330,419.68372,102.77711,477.03857
331,241.77164,-73.02596,530.87756
332,176.26262,-154.34218,516.9607
333,194.72255,-273.2361,506.50275
334,454.58084,162.33258,495.01917
335,111.198685,-415.12637,502.53058
336,356.38116,-49.121403,494.96295
337,193.76128,-105.58129,526.3146
338,157.99216,-220.12642,542.47906
339,80.867294,-223.72826,531.814
340,80.71028,-464.68478,497.59058
341,160.95999,-366.9314,534.1257
342,185.93079,-301.61807,502.50897
343,221.18057,-262.42468,490.56525
344,429.6561,122.55448,480.78467
345,413.60577,59.7738,489.4253
346,156.91483,-125.94623,531.74164
347,112.44342,-159.11607,542.9018
348,221.6547,-125.147606,520.079
349,94.702194,-199.24411,527.8025
350,106.13124,-281.28552,510.33292
351,113.844345,-342.065,522.5315
352,167.64325,-129.99875,542.719
353,92.22179,-259.1617,533.28827
354,118.76854,-162.9977,539.23883
355,113.343,-123.5816,546.3839
356,105.12758,-421.72015,513.67584
357,65.44089,-366.50958,500.77393
358,76.56084,-175.16687,529.8279
359,111.31204,-364.90887,511.44763
360,420.71902,89.37533,483.5483
361,437.15274,118.964905,491.00073
362,58.41414,-297.1021,501.9636
363,63.16052,-301.28693,504.50388
364,361.99973,-4.9051957,507.2259
365,460.2978,169.38258,499.26202
366,183.01659,-233.88942,514.3224
367,116.833694,-272.6103,522.51276
368,75.77638,-170.60773,567.535
369,72.4146,-319.4147,514.89355
370,130.31241,-152.38338,554.97736
371,420.31473,76.28577,488.11255
372,104.76405,-118.06671,605.35065
373,444.75397,138.36504,492.0161
374,159.66309,-230.9377,552.4966
375,66.58353,-246.35815,521.2416
376,435.364,123.85147,486.6878
377,143.9242,-156.85678,547.5879
378,421.22256,102.63154,477.61914
379,80.14397,-162.56879,555.1775
380,110.23947,-108.93074,620.1503
381,99.68674,-522.91144,520.5498
382,125.814804,-311.39636,513.0948
383,129.30344,-445.1358,507.33603
384,440.62207,135.8937,487.8315
385,59.92184,-335.2595,500.083
386,398.95926,47.304966,483.10907
387,89.15253,-475.21857,503.31787
388,358.89444,-3.1475484,527.8917
389,202.39917,-143.99745,523.57434
390,63.82608,-288.9771,506.9025
391,166.77446,-335.74255,495.69064
392,71.397934,-184.907,519.4708
393,84.920975,-271.96396,527.9733
394,132.00569,-341.04007,521.2603
395,76.99222,-187.51555,589.2407
396,148.47466,-185.73608,535.9295
397,79.91641,-403.85904,507.97964
398,449.6226,149.05962,494.2023
399,193.5873,-217.2277,529.84076
400,395.12985,22.94215,489.57938
401,46.060795,-302.97293,490.78326
402,276.02835,-195.0199,498.57526
403,205.63216,-293.14166,499.75644
404,415.4554,71.56925,486.83377
405,232.80142,-101.54074,516.6625
406,69.259705,-490.57077,506.66275
407,75.75711,-563.6614,499.52036
408,391.89273,15.288446,498.6928
409,424.96964,91.21499,487.9547
410,418.36395,95.98916,477.68655
411,379.08868,6.0624886,487.48477
412,102.223404,-353.93365,504.43314
413,81.56419,-551.9878,487.05887
414,124.706116,-265.5271,522.5722
415,75.10066,-377.23743,508.43915
416,118.29245,-102.48588,568.18286
417,132.71611,-151.94563,547.8227
418,150.53995,-183.0896,541.0763
419,81.84267,-205.95862,531.9729
420,177.24675,-350.6788,503.4914
421,86.63129,-264.53745,530.95953
422,319.56277,-86.03074,508.877
423,77.45424,-308.18964,520.0443
424,81.25777,-441.10577,497.9983
425,108.26877,-538.05194,503.61932
426,86.7267,-219.27151,537.73724
427,42.458736,-366.32224,506.907
428,59.211945,-429.2928,488.9187
429,79.845856,-321.32635,512.4796
430,118.36977,-90.141975,598.7817
431,301.41885,-103.15519,507.44006
432,62.354294,-296.67126,512.07245
433,444.95404,159.68806,484.0262
434,85.91861,-282.0671,533.96783
435,406.42004,23.478514,503.9604
436,435.36768,113.833954,490.6491
437,106.75087,-567.7022,511.8358
438,442.2849,137.3115,489.6166
439,154.11159,-223.11006,550.9838
440,425.92648,96.99058,486.39923
441,292.7987,-137.4714,501.48083
442,88.89743,-361.06284,504.46643
443,100.76608,-466.05615,513.91113
444,152.19064,-141.25565,551.15436
445,281.02576,-135.98473,506.34888
446,65.379944,-302.4347,511.39554
447,92.74777,-484.97217,494.27142
448,224.25989,-136.08823,511.62262
449,89.217606,-129.13353,552.2235
450,51.254986,-303.6976,496.72623
451,307.95767,-14.526246,539.6196
452,105.68965,-472.24292,508.56375
453,432.93182,119.28885,485.71628
454,106.4908,-222.21353,525.21014
455,69.769,-306.73462,513.87103
456,93.64087,-485.93024,512.50433
457,93.34277,-347.3814,518.22375
458,133.79974,-136.49008,539.21716
459,412.48395,72.4306,481.23026
460,103.1673,-366.50235,516.8527
461,375.32687,-12.921951,485.69833
462,62.35908,-265.75165,511.59045
463,80.613754,-417.7494,502.102
464,138.22752,-235.99658,513.603
465,139.7155,-209.95868,562.2531
466,103.149765,-111.19315,588.4624
467,106.59198,-480.43774,507.07297
468,66.83269,-269.04446,517.06854
469,125.63255,-424.32187,503.3874
470,90.55087,-601.4564,490.83688
471,107.77678,-412.13797,508.96255
472,71.03818,-328.52545,501.97568
473,115.09418,-416.4146,505.25354
474,251.9658,-212.15573,503.12366
475,94.832794,-450.34192,512.0374
476,79.83313,-402.12793,500.2616
477,460.8383,176.95659,496.9647
478,97.65227,-455.38998,502.95526
479,67.23515,-284.8804,515.34753
480,197.71187,-356.23865,496.6164
481,219.79126,-240.61688,498.0627
482,66.604904,-201.53694,557.004
483,290.47137,-117.66008,527.5452
484,78.392136,-312.01764,520.10065
485,127.88753,-177.34427,550.5396
486,363.13852,-33.123695,513.0606
487,291.90317,-73.622116,517.5932
488,105.71585,-532.55334,508.35782
489,389.4133,11.803018,490.81207
490,136.68108,-185.4376,532.7855
491,103.893814,-531.2328,512.87225
492,108.50949,-354.37152,490.2825
493,116.25661,-232.33752,544.8435
494,88.53085,-217.54965,534.5551
495,405.48636,65.20841,475.43097
496,78.72757,-163.77798,525.4541
497,289.31262,-112.50711,505.4494
